"name","salary","avg_salary"
"Asha",50000,"57500.000000000000"
"Raj",70000,"57500.000000000000"
"Bhoomi",65000,"57500.000000000000"
"Ali",45000,"57500.000000000000"
