"name","dept_name","salary","dept_avg"
"Raj","Engineering",70000,"67500.000000000000"
"Bhoomi","Engineering",65000,"67500.000000000000"
"Asha","HR",50000,"50000.000000000000"
"Ali","Marketing",45000,"45000.000000000000"
