"name","salary","percent_rank"
"Ali",45000,"0"
"Asha",50000,"0.3333333333333333"
"Bhoomi",65000,"0.6666666666666666"
"Raj",70000,"1"
